"","pearson","spearman","kendall"
"1",0.996861952472959,0.990349865901929,0.951540725935474
