"","pearson","spearman","kendall"
"1",0.998655115088289,0.997885381703408,0.978894327205813
