"","pearson","spearman","kendall"
"1",0.999266890668874,0.998414950921006,0.986901282719918
