"","pearson","spearman","kendall"
"1",0.998556586006713,0.999697976442163,0.995570321151717
