"","pearson","spearman","kendall"
"1",0.99898103984547,0.999536338890729,0.99309902771549
