"","pearson","spearman","kendall"
"1",0.992103705825111,0.984863536627239,0.925106620415297
