"","pearson","spearman","kendall"
"1",0.996724770933878,0.995618601985167,0.974211132616448
