"","pearson","spearman","kendall"
"1",0.999491146397829,0.99909678593392,0.992069230830326
