"","pearson","spearman","kendall"
"1",0.998007191868415,0.999506576407631,0.994193538110635
