"","pearson","spearman","kendall"
"1",0.996432136012429,0.995134015262319,0.975014952875908
