"","pearson","spearman","kendall"
"1",0.998917459073089,0.998726773988071,0.990573209912484
