"","pearson","spearman","kendall"
"1",0.995596473015035,0.991883419806519,0.949258780844143
