"","pearson","spearman","kendall"
"1",0.99871061888367,0.994846161577972,0.965050044538855
