"","pearson","spearman","kendall"
"1",0.998297564845685,0.999224505505695,0.993637263074823
