"","pearson","spearman","kendall"
"1",0.997822090521171,0.990479617010603,0.953146655552734
