"","pearson","spearman","kendall"
"1",0.998709097648691,0.999471960884087,0.99320302423699
