"","pearson","spearman","kendall"
"1",0.999440153244823,0.998417941525589,0.98354060952839
