"","pearson","spearman","kendall"
"1",0.99976832674083,0.998610507434617,0.986412496299836
