"","pearson","spearman","kendall"
"1",0.998629296380481,0.99969237584232,0.995155182022126
