"","pearson","spearman","kendall"
"1",0.999417244719759,0.999270539911873,0.987502006989404
