"","pearson","spearman","kendall"
"1",0.99898408775109,0.998820390688054,0.986540998186257
