"","pearson","spearman","kendall"
"1",0.997274973987327,0.998826029140972,0.986337756005797
