"","pearson","spearman","kendall"
"1",0.997648195704379,0.998703406844903,0.987209969720324
