"","pearson","spearman","kendall"
"1",0.9983858676698,0.995089415998951,0.962722705815157
