"","pearson","spearman","kendall"
"1",0.995507879121368,0.993847710551527,0.953514070716932
