"","pearson","spearman","kendall"
"1",0.999390630168754,0.996776324733652,0.975623173520898
