"","pearson","spearman","kendall"
"1",0.998133090956707,0.9983327635811,0.981111689560055
