"","pearson","spearman","kendall"
"1",0.999446509935781,0.998955848990489,0.986921313538195
