"","pearson","spearman","kendall"
"1",0.999503907708949,0.999833273125248,0.997737553662636
