"","pearson","spearman","kendall"
"1",0.999192678569714,0.999646196792103,0.995757010185659
