"","pearson","spearman","kendall"
"1",0.998377175994961,0.998987692982654,0.993037743138169
