"","pearson","spearman","kendall"
"1",0.998136577249731,0.998495240914324,0.97885580551979
