"","pearson","spearman","kendall"
"1",0.998582783315601,0.998729744966963,0.986536055657696
