"","pearson","spearman","kendall"
"1",0.999770611595137,0.999475464291688,0.995184891624651
