"","pearson","spearman","kendall"
"1",0.999070328054203,0.999837938578721,0.997677119628339
