"","pearson","spearman","kendall"
"1",0.997862243436651,0.999816275988558,0.996890952526453
