"","pearson","spearman","kendall"
"1",0.995788416144517,0.999342016886041,0.992564584162601
