"","pearson","spearman","kendall"
"1",0.999131470323782,0.998004935867755,0.981907732366406
