"","pearson","spearman","kendall"
"1",0.999296236799718,0.99928380889718,0.99443288423363
