"","pearson","spearman","kendall"
"1",0.997988694873725,0.997550656612772,0.978211020456539
