"","pearson","spearman","kendall"
"1",0.997670414718305,0.998895114033153,0.98688644188074
