"","pearson","spearman","kendall"
"1",0.998301460074295,0.999591809926451,0.995505447781684
