"","pearson","spearman","kendall"
"1",0.998981032306038,0.999229085553252,0.989850284780013
