"","pearson","spearman","kendall"
"1",0.998920595773785,0.999521448947109,0.993638985864123
