"","pearson","spearman","kendall"
"1",0.996231796859674,0.995037277308936,0.964723363756125
