"","pearson","spearman","kendall"
"1",0.99889075548445,0.998981106731824,0.987330685675404
