"","pearson","spearman","kendall"
"1",0.998619127621448,0.999868239013856,0.997977753238816
