"","pearson","spearman","kendall"
"1",0.998862685545565,0.999735577049841,0.995624228284865
