"","pearson","spearman","kendall"
"1",0.998962468477699,0.993881488420853,0.96044702384824
