"","pearson","spearman","kendall"
"1",0.994862459944801,0.98761425388144,0.932227401277727
