"","pearson","spearman","kendall"
"1",0.99953132863035,0.998786742057403,0.986492116137069
