"","pearson","spearman","kendall"
"1",0.994987811958943,0.997995148252763,0.981586200423369
