"","pearson","spearman","kendall"
"1",0.996639812324227,0.993408392555663,0.966094269727145
