"","pearson","spearman","kendall"
"1",0.991390210920308,0.996925164500054,0.971663670143502
