"","pearson","spearman","kendall"
"1",0.999040532497329,0.996169201180889,0.972698068229525
