"","pearson","spearman","kendall"
"1",0.999795357366973,0.999107029623494,0.990061598722925
