"","pearson","spearman","kendall"
"1",0.996928284969427,0.997799569884028,0.979484415590772
