"","pearson","spearman","kendall"
"1",0.997363801067609,0.997921922057578,0.98026423765592
