"","pearson","spearman","kendall"
"1",0.999745532011097,0.997912919029874,0.98515850911903
