"","pearson","spearman","kendall"
"1",0.993184352911015,0.996286997907573,0.972340556519254
