"","pearson","spearman","kendall"
"1",0.999121377371326,0.99466301351901,0.964287842244779
