"","pearson","spearman","kendall"
"1",0.998186797516509,0.997560372147075,0.976750771013883
