"","pearson","spearman","kendall"
"1",0.999775018297425,0.999498953539791,0.995331022479669
