"","pearson","spearman","kendall"
"1",0.997871663721639,0.986640744015354,0.935949789112382
