"","pearson","spearman","kendall"
"1",0.997210260474509,0.997383245344579,0.975881849792258
