"","pearson","spearman","kendall"
"1",0.999257298338173,0.998177988583871,0.980090483980154
