"","pearson","spearman","kendall"
"1",0.998468647816287,0.997568517088672,0.975530438734292
