"","pearson","spearman","kendall"
"1",0.997475816912823,0.99944000224505,0.994437159087163
