"","pearson","spearman","kendall"
"1",0.998992987254869,0.999415285768938,0.993451598371332
