"","pearson","spearman","kendall"
"1",0.999524471923174,0.99946773481577,0.988945754045187
