"","pearson","spearman","kendall"
"1",0.999459816852977,0.999342275029925,0.989947614346945
