"","pearson","spearman","kendall"
"1",0.998885345753759,0.999382943769157,0.990989696753377
