"","pearson","spearman","kendall"
"1",0.999341201247689,0.999263775439432,0.987493479809607
