"","pearson","spearman","kendall"
"1",0.998853692842919,0.998004735144297,0.983763890650653
