"","pearson","spearman","kendall"
"1",0.999059147691855,0.996884950599346,0.971406464550584
