"","pearson","spearman","kendall"
"1",0.997754975749609,0.999259493656553,0.993282058928593
