"","pearson","spearman","kendall"
"1",0.998610634428747,0.998715330264983,0.986995453092978
