"","pearson","spearman","kendall"
"1",0.99516467917534,0.998636568047769,0.985706047862588
