"","pearson","spearman","kendall"
"1",0.998612024940682,0.999709487446014,0.996425562962724
