"","pearson","spearman","kendall"
"1",0.999224157115137,0.999488503301656,0.992058782590555
