"","pearson","spearman","kendall"
"1",0.996616137861683,0.99596288036461,0.967698152040817
