"","pearson","spearman","kendall"
"1",0.999201700732878,0.999848988221081,0.997785160575858
