"","pearson","spearman","kendall"
"1",0.998809706077687,0.999722131142565,0.995475750058908
