"","pearson","spearman","kendall"
"1",0.998038817919661,0.998958881618383,0.987402683837749
