"","pearson","spearman","kendall"
"1",0.99802802328577,0.999169090010241,0.99333325900986
