"","pearson","spearman","kendall"
"1",0.998518163214423,0.998763368111273,0.985566610397158
