"","pearson","spearman","kendall"
"1",0.995385252208457,0.992495409444882,0.954792075258663
