"","pearson","spearman","kendall"
"1",0.995507860185794,0.998905516056074,0.988907542651072
