"","pearson","spearman","kendall"
"1",0.919380892419191,0.918102136069303,0.909436435294569
