"","pearson","spearman","kendall"
"1",0.997146694306852,0.99436447590825,0.960776656935174
