"","pearson","spearman","kendall"
"1",0.999279360600059,0.998820711904315,0.988613043244705
