"","pearson","spearman","kendall"
"1",0.995165591280938,0.998615860167276,0.985790683865885
