"","pearson","spearman","kendall"
"1",0.998174885419968,0.999039726983925,0.983201548107235
