"","pearson","spearman","kendall"
"1",0.999400283954101,0.999291737666586,0.987814966375021
