"","pearson","spearman","kendall"
"1",0.998435120905435,0.990208805981331,0.943803165353277
