"","pearson","spearman","kendall"
"1",0.997024264848156,0.99092220073009,0.953563990660451
