"","pearson","spearman","kendall"
"1",0.999252027695293,0.996672513573062,0.97010240568602
