"","pearson","spearman","kendall"
"1",0.999018898051241,0.998890837836922,0.99252230660098
