"","pearson","spearman","kendall"
"1",0.997929678579971,0.996491796725609,0.970431190078859
