"","pearson","spearman","kendall"
"1",0.992433060867142,0.992589297244232,0.958342692418809
