"","pearson","spearman","kendall"
"1",0.999462625931154,0.997375728176845,0.979088732650347
