"","pearson","spearman","kendall"
"1",0.998625148896917,0.998728145482241,0.984372553284385
