"","pearson","spearman","kendall"
"1",0.999288374056904,0.998957176401649,0.989897662037454
