"","pearson","spearman","kendall"
"1",0.999101299405649,0.999585116098266,0.993596733054322
