"","pearson","spearman","kendall"
"1",0.997605056969508,0.998329793961835,0.982976924736343
