"","pearson","spearman","kendall"
"1",0.999314746796436,0.998902599706176,0.98713567493669
