"","pearson","spearman","kendall"
"1",0.998724745603425,0.998749281741518,0.991890350339565
