"","pearson","spearman","kendall"
"1",0.996977670388997,0.998736777269288,0.985951564028751
