"","pearson","spearman","kendall"
"1",0.999271118503256,0.998846794492558,0.986698794900773
