"","pearson","spearman","kendall"
"1",0.998937448840954,0.999748169189698,0.995765513117117
