"","pearson","spearman","kendall"
"1",0.998256477248159,0.998494086893308,0.984127782847236
