"","pearson","spearman","kendall"
"1",0.998929322835668,0.994594203076113,0.965670192902959
