"","pearson","spearman","kendall"
"1",0.996307382565331,0.997779192611847,0.976701276288138
