"","pearson","spearman","kendall"
"1",0.999184897539069,0.999884366327475,0.998149861239593
