"","pearson","spearman","kendall"
"1",0.999126303955687,0.998436191139468,0.984163233740602
