"","pearson","spearman","kendall"
"1",0.999251083372294,0.995251946844277,0.967867836991655
