"","pearson","spearman","kendall"
"1",0.996898228226046,0.996149927998233,0.974840128554012
