"","pearson","spearman","kendall"
"1",0.998948018084905,0.999479518949594,0.994495896364856
