"","pearson","spearman","kendall"
"1",0.998946559559583,0.998344100758772,0.986220873121597
