"","pearson","spearman","kendall"
"1",0.998196618538858,0.99710206062355,0.974713128517651
