"","pearson","spearman","kendall"
"1",0.999247687260062,0.999576202315516,0.994728774017493
