"","pearson","spearman","kendall"
"1",0.998297930273137,0.999017833921683,0.98788899339631
