"","pearson","spearman","kendall"
"1",0.999775845593975,0.999015805647525,0.988714242354558
