"","pearson","spearman","kendall"
"1",0.999042571018479,0.998569360788252,0.981501988683437
