"","pearson","spearman","kendall"
"1",0.999277932202686,0.999891445940078,0.99822695035461
