"","pearson","spearman","kendall"
"1",0.999089906177917,0.999439020977427,0.991549559073194
