"","pearson","spearman","kendall"
"1",0.996060098403645,0.984592027421284,0.933717117266343
