"","pearson","spearman","kendall"
"1",0.997694278122666,0.997405537652512,0.972503051854379
