"","pearson","spearman","kendall"
"1",0.996702654565924,0.998500757002629,0.981967754856413
