"","pearson","spearman","kendall"
"1",0.999438297214235,0.99859098067852,0.987901647684175
