"","pearson","spearman","kendall"
"1",0.998511839857236,0.998928992834772,0.988230667365904
