"","pearson","spearman","kendall"
"1",0.996856271794103,0.998701027233593,0.990173352937917
