"","pearson","spearman","kendall"
"1",0.999474695699018,0.998743227841694,0.986503645981701
