"","pearson","spearman","kendall"
"1",0.999666370809115,0.999594275618449,0.992186981865231
