"","pearson","spearman","kendall"
"1",0.996574129285573,0.999011388590678,0.989339189211676
