"","pearson","spearman","kendall"
"1",0.993057668991344,0.990700104634032,0.945534286908359
