"","pearson","spearman","kendall"
"1",0.998746415134854,0.998582463869717,0.986102880047708
