"","pearson","spearman","kendall"
"1",0.99949164219262,0.998343072962067,0.984040060833751
