"","pearson","spearman","kendall"
"1",0.999191545769246,0.999263444397493,0.993484172222753
