"","pearson","spearman","kendall"
"1",0.999298378217388,0.999795918367347,0.996598639455782
