"","pearson","spearman","kendall"
"1",0.996466166216842,0.994417480395883,0.96226912623335
