"","pearson","spearman","kendall"
"1",0.997014110643114,0.999748158014976,0.996028296477065
