"","pearson","spearman","kendall"
"1",0.993609545690378,0.983421136757479,0.916452253532064
