"","pearson","spearman","kendall"
"1",0.998512493874101,0.993616188949695,0.960705411851208
