"","pearson","spearman","kendall"
"1",0.998013223570263,0.99469111344776,0.960698230408611
