"","pearson","spearman","kendall"
"1",0.997773001035016,0.999242354255153,0.990390619273991
