"","pearson","spearman","kendall"
"1",0.997680529755603,0.996962686465539,0.97155274271892
