"","pearson","spearman","kendall"
"1",0.999094464158533,0.998953650792813,0.992810904723795
