"","pearson","spearman","kendall"
"1",0.999062334929261,0.999295029873606,0.994700545629531
