"","pearson","spearman","kendall"
"1",0.9963138881532,0.998942380654558,0.988840644383212
