"","pearson","spearman","kendall"
"1",0.999234363982914,0.998286211217237,0.982906060385266
