"","pearson","spearman","kendall"
"1",0.998844555087304,0.99893179933707,0.986921313538195
