"","pearson","spearman","kendall"
"1",0.998435641168605,0.999199294737638,0.990184215891601
