"","pearson","spearman","kendall"
"1",0.991875149204076,0.979449322352771,0.91299263718584
