"","pearson","spearman","kendall"
"1",0.998376717823017,0.999309829750937,0.989728116804854
