"","pearson","spearman","kendall"
"1",0.999147125747188,0.998185377965025,0.98223406359707
