"","pearson","spearman","kendall"
"1",0.995202418539517,0.995711204897286,0.966410022960838
