"","pearson","spearman","kendall"
"1",0.9982662067942,0.999392712550607,0.991902834008097
