"","pearson","spearman","kendall"
"1",0.999151417546632,0.998995548862664,0.990214623360604
