"","pearson","spearman","kendall"
"1",0.99795714245961,0.998949508717674,0.989066792198378
