"","pearson","spearman","kendall"
"1",0.998652295381428,0.999812382739212,0.997435897435898
