"","pearson","spearman","kendall"
"1",0.998308099518012,0.999899188466905,0.99892415245883
