"","pearson","spearman","kendall"
"1",0.9988159121251,0.998357991343117,0.98714979134232
