"","pearson","spearman","kendall"
"1",0.989551785964113,0.996426570481174,0.968762292092912
