"","pearson","spearman","kendall"
"1",0.9990700966109,0.999561569798021,0.9950972810863
