"","pearson","spearman","kendall"
"1",0.999403570049656,0.999034838455798,0.98495215724771
