"","pearson","spearman","kendall"
"1",0.997303322505756,0.999400928867891,0.994178066884712
