"","pearson","spearman","kendall"
"1",0.999184009255858,0.998924473468295,0.987354190105165
