"","pearson","spearman","kendall"
"1",0.997461611310043,0.99517197076166,0.967574826929442
