"","pearson","spearman","kendall"
"1",0.997552488567907,0.994248529164396,0.95850394219178
