"","pearson","spearman","kendall"
"1",0.998786162998416,0.998118444821811,0.984979009963466
