"","pearson","spearman","kendall"
"1",0.999726431647655,0.998597080883918,0.987114602344754
