"","pearson","spearman","kendall"
"1",0.997397565177301,0.997862292507545,0.979734261162082
