"","pearson","spearman","kendall"
"1",0.998699721635338,0.997990114648565,0.984294081422283
