"","pearson","spearman","kendall"
"1",0.998292046420849,0.999551873465511,0.993501790649119
