"","pearson","spearman","kendall"
"1",0.99947914035186,0.998741876754733,0.988791551045016
