"","pearson","spearman","kendall"
"1",0.999223426226446,0.998315857767758,0.986353867585761
