"","pearson","spearman","kendall"
"1",0.99913685410349,0.999464523564643,0.991810108322102
