"","pearson","spearman","kendall"
"1",0.998637644705812,0.99772520173646,0.987805137623156
