"","pearson","spearman","kendall"
"1",0.995725717325202,0.99814883527122,0.982523991403971
