"","pearson","spearman","kendall"
"1",0.997959296142606,0.996340472995441,0.975554247038775
