"","pearson","spearman","kendall"
"1",0.999484233528099,0.99866927675212,0.988359355641789
