"","pearson","spearman","kendall"
"1",0.997726547156222,0.997416912354003,0.977412100104131
