"","pearson","spearman","kendall"
"1",0.998954328529435,0.999859055673009,0.997885835095137
