"","pearson","spearman","kendall"
"1",0.999362358593995,0.996103501013343,0.971798322466256
