"","pearson","spearman","kendall"
"1",0.998167478308167,0.993761223199377,0.961838175073963
