"","pearson","spearman","kendall"
"1",0.998829693592555,0.993372701250718,0.964640286007142
