"","pearson","spearman","kendall"
"1",0.997935837876875,0.991937492748498,0.957243584427434
