"","pearson","spearman","kendall"
"1",0.999051835752858,0.999143752221977,0.986759720295652
