"","pearson","spearman","kendall"
"1",0.998763925549934,0.996063017777679,0.970580921253071
