"","pearson","spearman","kendall"
"1",0.999721859134492,0.997879001060891,0.982993034510133
