"","pearson","spearman","kendall"
"1",0.994144318049398,0.995673905623134,0.966267542168693
