"","pearson","spearman","kendall"
"1",0.999305823377512,0.999511072193492,0.992296293163949
