"","pearson","spearman","kendall"
"1",0.999486453022644,0.99797204657788,0.980721770966436
