"","pearson","spearman","kendall"
"1",0.998319724330594,0.993116035743707,0.959408114355138
