"","pearson","spearman","kendall"
"1",0.99944338775305,0.99690897673884,0.976306677623447
