"","pearson","spearman","kendall"
"1",0.992915792451982,0.99958997343814,0.994712002711157
