"","pearson","spearman","kendall"
"1",0.993656458681942,0.996985055492685,0.983998967608182
