"","pearson","spearman","kendall"
"1",0.998166688655881,0.993522267206478,0.951417004048583
