"","pearson","spearman","kendall"
"1",0.998417075484983,0.999293786038838,0.986819361666303
