"","pearson","spearman","kendall"
"1",0.998649786748408,0.999444642274206,0.992968025207829
