"","pearson","spearman","kendall"
"1",0.999077877824284,0.993791442638594,0.961411946587788
