"","pearson","spearman","kendall"
"1",0.99596537439763,0.998488923302079,0.986070233679292
