"","pearson","spearman","kendall"
"1",0.996206376853274,0.994722189298513,0.966703029978016
