"","pearson","spearman","kendall"
"1",0.999214352384292,0.998538690755587,0.985490431550293
