"","pearson","spearman","kendall"
"1",0.999101416732878,0.999331531242127,0.989364337519675
