"","pearson","spearman","kendall"
"1",0.997717852509383,0.99832706483453,0.982823257451907
