"","pearson","spearman","kendall"
"1",0.994690153217296,0.997210067174256,0.980170949107169
