"","pearson","spearman","kendall"
"1",0.999141282885423,0.999107500980471,0.986501063301585
