"","pearson","spearman","kendall"
"1",0.996822197480328,0.997524456579056,0.977779019965172
