"","pearson","spearman","kendall"
"1",0.999270061821753,0.998971943518056,0.987733381616812
