"","pearson","spearman","kendall"
"1",0.999242560975827,0.999416189332082,0.991313255696293
