"","pearson","spearman","kendall"
"1",0.999231486917252,0.999876657415973,0.998067632850242
