"","pearson","spearman","kendall"
"1",0.999189261409438,0.996403805573892,0.974555682751522
