"","pearson","spearman","kendall"
"1",0.997126571058467,0.997939115081464,0.977099442283305
