"","pearson","spearman","kendall"
"1",0.998781294302495,0.999677448617557,0.99564058659359
