"","pearson","spearman","kendall"
"1",0.994741133931678,0.998096031693159,0.983551087420623
