"","pearson","spearman","kendall"
"1",0.99869105757806,0.999675988444935,0.996153049290778
