"","pearson","spearman","kendall"
"1",0.998580856853827,0.998439469611597,0.982168256389011
