"","pearson","spearman","kendall"
"1",0.996365862168774,0.995947826274539,0.968708903302784
