"","pearson","spearman","kendall"
"1",0.999287649411638,0.999234321523509,0.987159088556264
