"","pearson","spearman","kendall"
"1",0.998963912644036,0.995774019208287,0.966328535182719
