"","pearson","spearman","kendall"
"1",0.998404517760863,0.997747045829977,0.986390975179006
