"","pearson","spearman","kendall"
"1",0.998858481412885,0.999540873923921,0.994810141218378
