"","pearson","spearman","kendall"
"1",0.999549285263938,0.999594557028866,0.991698366489812
