"","pearson","spearman","kendall"
"1",0.999123060781708,0.998166995555668,0.983094562106274
