"","pearson","spearman","kendall"
"1",0.998902530356122,0.999380882645348,0.993194093990136
