"","pearson","spearman","kendall"
"1",0.998503520874106,0.991417570682484,0.946837908017247
