"","pearson","spearman","kendall"
"1",0.985133448279605,0.987460799478622,0.944013474578531
