"","pearson","spearman","kendall"
"1",0.99951310965805,0.99913403510604,0.993251428299271
