"","pearson","spearman","kendall"
"1",0.997983754736854,0.995546050160338,0.96506847821806
