"","pearson","spearman","kendall"
"1",0.996490361231052,0.998451949653907,0.982660783598397
