"","pearson","spearman","kendall"
"1",0.998735980471431,0.998801891267626,0.986243938436334
