"","pearson","spearman","kendall"
"1",0.998819143755896,0.997072408009801,0.985102058247219
