"","pearson","spearman","kendall"
"1",0.998760518549085,0.998775566628097,0.987409793894008
