"","pearson","spearman","kendall"
"1",0.999507000186777,0.999349228802204,0.987482842545746
