"","pearson","spearman","kendall"
"1",0.999775795807211,0.999521060846891,0.995470597378674
