"","pearson","spearman","kendall"
"1",0.996276164262349,0.995673905623134,0.967737763590586
