"","pearson","spearman","kendall"
"1",0.9987995309532,0.998463561687248,0.983555877616775
