"","pearson","spearman","kendall"
"1",0.999280529848589,0.999272641960504,0.990406191556036
