"","pearson","spearman","kendall"
"1",0.998967889123278,0.99951776123722,0.994438399513504
