"","pearson","spearman","kendall"
"1",0.99903094241098,0.998342934521894,0.985677398705355
