"","pearson","spearman","kendall"
"1",0.99851774945242,0.999622424934116,0.995562941075873
