"","pearson","spearman","kendall"
"1",0.999048465273927,0.999162497586568,0.988930327817542
