"","pearson","spearman","kendall"
"1",0.998675368635458,0.998832094574451,0.98780462049428
