"","pearson","spearman","kendall"
"1",0.999019695779774,0.996668753610651,0.974897218271913
