"","pearson","spearman","kendall"
"1",0.999305478711551,0.999184547002396,0.993021557509212
