"","pearson","spearman","kendall"
"1",0.999508844886487,0.998930326834499,0.989952873520984
