"","pearson","spearman","kendall"
"1",0.997463673857935,0.998776899205431,0.988044149600763
