"","pearson","spearman","kendall"
"1",0.999411404831079,0.999058819651463,0.988442263661749
