"","pearson","spearman","kendall"
"1",0.997279328413295,0.999189490025394,0.989943016546545
