"","pearson","spearman","kendall"
"1",0.999581910070983,0.998438679282259,0.984667513405644
