"","pearson","spearman","kendall"
"1",0.998538450124012,0.996560808779788,0.982725700772655
