"","pearson","spearman","kendall"
"1",0.994886527722761,0.994938396853373,0.963227979741901
