"","pearson","spearman","kendall"
"1",0.998518136829065,0.99866939983183,0.991543854018486
