"","pearson","spearman","kendall"
"1",0.999694064186325,0.999325711180749,0.992341950609201
