"","pearson","spearman","kendall"
"1",0.993497363993236,0.989048780508589,0.940924669835927
