"","pearson","spearman","kendall"
"1",0.999052509052207,0.999476807013226,0.993924590984678
