"","pearson","spearman","kendall"
"1",0.999258137610803,0.999447645023686,0.994270645280338
