"","pearson","spearman","kendall"
"1",0.998642884413544,0.99933667221061,0.991483551167213
