"","pearson","spearman","kendall"
"1",0.998104731471446,0.999534119727141,0.992530456861678
