"","pearson","spearman","kendall"
"1",0.998167135507107,0.999566296266421,0.995317967960911
