"","pearson","spearman","kendall"
"1",0.998953818721616,0.999005638596883,0.987488083544477
