"","pearson","spearman","kendall"
"1",0.999690591807426,0.998247257124638,0.979991915100051
