"","pearson","spearman","kendall"
"1",0.997072151955813,0.999358133652952,0.993900432955318
