"","pearson","spearman","kendall"
"1",0.994876495612642,0.993106858401296,0.956721709590696
