"","pearson","spearman","kendall"
"1",0.999357193119815,0.998506418642347,0.987416376921581
