"","pearson","spearman","kendall"
"1",0.998641462631631,0.99972451462352,0.996551083798746
