"","pearson","spearman","kendall"
"1",0.999206498018881,0.994444108535082,0.964735630793146
