"","pearson","spearman","kendall"
"1",0.997824633124253,0.99950851802698,0.994906009116207
