"","pearson","spearman","kendall"
"1",0.99843272057499,0.996690449925581,0.971574307831308
