"","pearson","spearman","kendall"
"1",0.997722316518907,0.99803536472545,0.981000324395239
