"","pearson","spearman","kendall"
"1",0.998557115174724,0.998637512842066,0.985165556376189
