"","pearson","spearman","kendall"
"1",0.999348758706478,0.999016659961323,0.988095745270062
