"","pearson","spearman","kendall"
"1",0.999516756748009,0.999103732676383,0.989222878498522
