"","pearson","spearman","kendall"
"1",0.99955623595363,0.99926720147872,0.990235443593699
