"","pearson","spearman","kendall"
"1",0.998881032540846,0.998110252715556,0.979163873396726
