"","pearson","spearman","kendall"
"1",0.99924507303633,0.999413113929098,0.994031264706527
