"","pearson","spearman","kendall"
"1",0.98663518522184,0.988137854081039,0.928922188893335
