"","pearson","spearman","kendall"
"1",0.998533693923079,0.999375766645597,0.991567678870651
