"","pearson","spearman","kendall"
"1",0.999509973811305,0.99860890895858,0.985816218965237
