"","pearson","spearman","kendall"
"1",0.997597740057629,0.999475749798023,0.994679325343921
