"","pearson","spearman","kendall"
"1",0.998191042734188,0.997952584236268,0.98056885812961
