"","pearson","spearman","kendall"
"1",0.99923873822392,0.998455958967973,0.984941664527719
