"","pearson","spearman","kendall"
"1",0.998719155548196,0.999759885512394,0.996730686817402
