"","pearson","spearman","kendall"
"1",0.999547332398879,0.998984726124751,0.990300063295123
