"","pearson","spearman","kendall"
"1",0.998507634982282,0.999637134112114,0.995848128237742
