"","pearson","spearman","kendall"
"1",0.997141856928046,0.999356366799797,0.993635612185746
