"","pearson","spearman","kendall"
"1",0.987084356961587,0.996524217733084,0.969210608112465
