"","pearson","spearman","kendall"
"1",0.997094604671643,0.996244310259085,0.976773534890017
