"","pearson","spearman","kendall"
"1",0.998994955438261,0.998902278429257,0.987067509539192
