"","pearson","spearman","kendall"
"1",0.998006513230009,0.999538610994081,0.995118503145926
