"","pearson","spearman","kendall"
"1",0.998878335246533,0.999825783972126,0.997560975609756
