"","pearson","spearman","kendall"
"1",0.998838516664303,0.999504443876113,0.993003071930052
