"","pearson","spearman","kendall"
"1",0.999413813213535,0.999282288326733,0.98862163991589
