"","pearson","spearman","kendall"
"1",0.997356604917575,0.990952258330261,0.947710701309267
