"","pearson","spearman","kendall"
"1",0.998663348545915,0.999658473589197,0.995469413694177
