"","pearson","spearman","kendall"
"1",0.998711948358414,0.99952174207115,0.994665789832094
