"","pearson","spearman","kendall"
"1",0.999181042816049,0.998070774088876,0.980043511059872
