"","pearson","spearman","kendall"
"1",0.998447648642752,0.99929432789541,0.991120568764375
