"","pearson","spearman","kendall"
"1",0.99904011814751,0.998443480093843,0.986784780262133
