"","pearson","spearman","kendall"
"1",0.99865752643239,0.996052746594753,0.971372890145579
