"","pearson","spearman","kendall"
"1",0.99755732137571,0.997035945544941,0.982827682537454
