"","pearson","spearman","kendall"
"1",0.999068348692706,0.999270658574931,0.990576859005899
