"","pearson","spearman","kendall"
"1",0.997825906086711,0.998140694727473,0.981695893508797
