"","pearson","spearman","kendall"
"1",0.998297948068357,0.996308871634652,0.981877394243599
