"","pearson","spearman","kendall"
"1",0.993366503062416,0.995562014076738,0.967552866483936
