"","pearson","spearman","kendall"
"1",0.997734514992391,0.994198827681647,0.964294570092839
