"","pearson","spearman","kendall"
"1",0.999621530366341,0.999564593461792,0.991807420019862
