"","pearson","spearman","kendall"
"1",0.998894511022054,0.999513734421962,0.993497671470788
