"","pearson","spearman","kendall"
"1",0.999043973268785,0.996440308054249,0.968706944649429
