"","pearson","spearman","kendall"
"1",0.999637934733589,0.998666869982915,0.988284601122629
