"","pearson","spearman","kendall"
"1",0.997982319014034,0.995248974073991,0.963504676333518
