"","pearson","spearman","kendall"
"1",0.995707290237064,0.995313039818675,0.965930161143328
