"","pearson","spearman","kendall"
"1",0.992871184220217,0.996831005494333,0.971202291662647
