"","pearson","spearman","kendall"
"1",0.998738031072207,0.999738522943885,0.996670105316821
