"","pearson","spearman","kendall"
"1",0.998816940516158,0.998295770812765,0.981026802004792
