"","pearson","spearman","kendall"
"1",0.99921275114766,0.998931118599057,0.991623750430371
