"","pearson","spearman","kendall"
"1",0.997404774155952,0.990132108023478,0.947352933174347
