"","pearson","spearman","kendall"
"1",0.998628643350306,0.998509117135099,0.985621682135463
