"","pearson","spearman","kendall"
"1",0.998234080587855,0.999537418503154,0.994441003953405
