"","pearson","spearman","kendall"
"1",0.999186654199994,0.999135959123682,0.986071234490075
