"","pearson","spearman","kendall"
"1",0.997937802708453,0.996675173594363,0.981310712780412
