"","pearson","spearman","kendall"
"1",0.999810532836472,0.999217384578935,0.990326949869181
