"","pearson","spearman","kendall"
"1",0.999207935124789,0.999214964235099,0.98719154877701
