"","pearson","spearman","kendall"
"1",0.999285891189248,0.999203275093083,0.986811091930232
