"","pearson","spearman","kendall"
"1",0.995040544668904,0.998869777090469,0.993466410040746
