"","pearson","spearman","kendall"
"1",0.998932739853938,0.989447502327844,0.942775360980818
