"","pearson","spearman","kendall"
"1",0.997357031427374,0.998529251780098,0.983891879166802
