"","pearson","spearman","kendall"
"1",0.998868306052335,0.998800990146181,0.989366316637152
