"","pearson","spearman","kendall"
"1",0.996613257007339,0.999558998719015,0.994948708936335
