"","pearson","spearman","kendall"
"1",0.999092383365797,0.999068117331261,0.986102776393823
