"","pearson","spearman","kendall"
"1",0.999112262790504,0.995906828321932,0.965605711034842
