"","pearson","spearman","kendall"
"1",0.998899822264033,0.998592161511698,0.989055981064371
