"","pearson","spearman","kendall"
"1",0.999034684824314,0.998911834076121,0.98480532090553
