"","pearson","spearman","kendall"
"1",0.998992215058656,0.999797570850202,0.997300944669366
