"","pearson","spearman","kendall"
"1",0.999014643609768,0.999411872691361,0.991276365949751
