"","pearson","spearman","kendall"
"1",0.998787590757982,0.998885195205606,0.988181140727319
