"","pearson","spearman","kendall"
"1",0.99797475300991,0.998414775876765,0.98356748689703
