"","pearson","spearman","kendall"
"1",0.998895140607065,0.998809839925625,0.985732116692122
