"","pearson","spearman","kendall"
"1",0.9983465520888,0.991611024946489,0.955769263532261
