"","pearson","spearman","kendall"
"1",0.997633068377984,0.979985844104068,0.926132142815506
