"","pearson","spearman","kendall"
"1",0.998468173014206,0.994517140380382,0.963558981549136
