"","pearson","spearman","kendall"
"1",0.997303281891488,0.999509162538195,0.993900432955318
