"","pearson","spearman","kendall"
"1",0.995598206102769,0.989728153482821,0.949380169631869
