"","pearson","spearman","kendall"
"1",0.999140755307402,0.998212055873103,0.985826622091799
