"","Point.Forecast","Lo.80","Hi.80","Lo.95","Hi.95"
"2020.4844",12553.7069498935,12463.8675390619,12643.5463607251,12416.3094277366,12691.1044720505
"2020.4871",12803.4138997871,12642.5146433209,12964.3131562532,12557.3397219767,13049.4880775974
"2020.4898",13053.1208496806,12813.8266614565,13292.4150379047,12687.1519700517,13419.0897293095
"2020.4926",13302.8277995741,12977.2515586759,13628.4040404723,12804.9019076017,13800.7536915466
"2020.4953",13552.5347494676,13133.1155479168,13971.9539510185,12911.0884342623,14193.981064673
"2020.4981",13802.2416993612,13281.8487727819,14322.6346259404,13006.369397905,14598.1140008173
"2020.5008",14051.9486492547,13423.8577017087,14680.0395968007,13091.3664383604,15012.5308601489
