"","Point.Forecast","Lo.80","Hi.80","Lo.95","Hi.95"
"2020.4268",7301.26081798067,7225.56602789241,7376.95560806894,7185.4956264901,7417.02600947124
"2020.4296",7581.52163596135,7438.20659138951,7724.83668053319,7362.34018953692,7800.70308238578
"2020.4323",7861.78245394202,7641.19140550289,8082.37350238115,7524.41755823539,8199.14734964865
"2020.4350",8142.0432719227,7834.91913482477,8449.16740902062,7672.33743746486,8611.74910638053
"2020.4378",8422.30408990337,8020.10316349998,8824.50501630676,7807.19085412476,9037.41732568198
"2020.4405",8702.56490788404,8197.37843946335,9207.75137630474,7929.94887728306,9475.18093848503
"2020.4433",8982.82572586472,8367.27679035744,9598.374661372,8041.42486713021,9924.22658459922
