"","Point.Forecast","Lo.80","Hi.80","Lo.95","Hi.95"
"2020.4241",6862.43452693965,6789.88247478623,6934.98657909307,6751.47573835221,6973.3933155271
"2020.4268",7045.86905387931,6909.98935015418,7181.74875760443,6838.05897998809,7253.67912777052
"2020.4296",7229.30358081896,7021.49760528819,7437.10955634972,6911.4917667938,7547.11539484411
"2020.4323",7412.73810775861,7124.62574834776,7700.85046716946,6972.10827816126,7853.36793735596
"2020.4350",7596.17263469826,7219.97539780059,7972.36987159593,7020.82861013724,8171.51665925929
"2020.4378",7779.60716163792,7308.10418783311,8251.11013544272,7058.50559061511,8500.70873266072
"2020.4405",7963.04168857757,7389.48641308504,8536.5969640701,7085.8645906505,8840.21878650464
