"","Point.Forecast","Lo.80","Hi.80","Lo.95","Hi.95"
"2020.4105",9172.49789896751,9101.84448096716,9243.15131696786,9064.44282074169,9280.55297719332
"2020.4132",9681.44499896294,9557.34902085771,9805.54097706817,9491.65657823002,9871.23341969586
"2020.4159",10245.2742235475,10064.2158650222,10426.3325820728,9968.36935966962,10522.1790874254
"2020.4187",10777.0429107606,10515.9007417163,11038.185079805,10377.6604278918,11176.4253936295
"2020.4214",11309.305632057,10970.1496834839,11648.46158063,10790.611369401,11827.9998947129
"2020.4242",11861.2855641897,11434.7138229433,12287.8573054362,11208.9003834887,12513.6707448908
"2020.4269",12391.321112719,11867.8893892535,12914.7528361844,11590.8013724758,13191.8408529621
