"","Point.Forecast","Lo.80","Hi.80","Lo.95","Hi.95"
"2020.3803",2417.18043542149,2376.71131700527,2457.64955383771,2355.28825978502,2479.07261105796
"2020.3830",2600.36087084299,2524.42585387494,2676.29588781104,2484.22828404414,2716.49345764184
"2020.3857",2783.54130626448,2667.28114353887,2899.8014689901,2605.73673100953,2961.34588151943
"2020.3885",2966.72174168597,2805.41476998957,3128.02871338238,2720.02401723989,3213.41946613206
"2020.3912",3149.90217710747,2939.17021106553,3360.63414314941,2827.61544675808,3472.18890745686
"2020.3940",3333.08261252896,3068.86341132203,3597.30181373589,2928.99421506408,3737.17100999384
"2020.3967",3516.26304795046,3194.76233705112,3837.76375884979,3024.57014123628,4007.95595466463
