"","Point.Forecast","Lo.80","Hi.80","Lo.95","Hi.95"
"2020.5172",30536.842495364,30109.105962803,30964.579027925,29882.6759200726,31191.0090706553
"2020.5200",30779.684990728,30089.2319738091,31470.1380076468,29723.7282250688,31835.6417563872
"2020.5227",31022.527486092,30069.9447054715,31975.1102667124,29565.6778418752,32479.3771303087
"2020.5254",31265.3699814559,30040.1607056776,32490.5792572343,29391.5740932433,33139.1658696686
"2020.5282",31508.2124768199,29996.9182343879,33019.5067192519,29196.8873886634,33819.5375649764
"2020.5309",31751.0549721839,29939.3858580026,33562.7240863652,28980.3461601745,34521.7637841933
"2020.5337",31993.8974675479,29867.4790426504,34120.3158924454,28741.8211243768,35245.973810719
