"","Point.Forecast","Lo.80","Hi.80","Lo.95","Hi.95"
"2020.4679",11296.3330448608,11208.1161524468,11384.5499372748,11161.4169504889,11431.2491392327
"2020.4707",11605.6660897217,11446.2728182429,11765.0593612004,11361.8951171946,11849.4370622488
"2020.4734",11914.9991345825,11676.5891073794,12153.4091617856,11550.3824625465,12279.6158066185
"2020.4761",12224.3321794433,11898.6805945301,12549.9837643565,11726.2910587437,12722.373300143
"2020.4789",12533.6652243042,12112.9486778461,12954.3817707622,11890.2347912826,13177.0956573257
"2020.4816",12842.998269165,12319.8662871503,13366.1302511797,12042.9369439118,13643.0595944182
"2020.4844",13152.3313140258,12519.8676505635,13784.7949774882,12185.0616112342,14119.6010168175
