"","Point.Forecast","Lo.80","Hi.80","Lo.95","Hi.95"
"2020.4816",12241.1970169053,12151.2658792505,12331.1281545601,12103.659210678,12378.7348231326
"2020.4844",12460.3940338106,12299.290242186,12621.4978254352,12214.0070464693,12706.7810211518
"2020.4871",12679.5910507159,12439.9536402295,12919.2284612023,12313.0972579342,13046.0848434976
"2020.4898",12898.7880676212,12572.7080129671,13224.8681222752,12400.0916590009,13397.4844762415
"2020.4926",13117.9850845265,12697.8822467256,13538.0879223274,12475.4932379008,13760.4769311522
"2020.4953",13337.1821014318,12815.9083850437,13858.4558178198,12539.9627482068,14134.4014546567
"2020.4981",13556.3791183371,12927.1943256998,14185.5639109743,12594.1240157379,14518.6342209362
