"","Point.Forecast","Lo.80","Hi.80","Lo.95","Hi.95"
"2020.4213",6604.78827371138,6532.56970285379,6677.00684456896,6494.33950075414,6715.23704666861
"2020.4241",6744.57654742275,6608.54349305502,6880.60960179048,6536.53194396239,6952.62115088312
"2020.4268",6884.36482113413,6675.61382898306,7093.1158132852,6565.1077289084,7203.62191335985
"2020.4296",7024.1530948455,6734.08406251116,7314.22212717985,6580.53079224693,7467.77539744408
"2020.4323",7163.94136855688,6784.59619687422,7543.28654023954,6583.78299319629,7744.09974391747
"2020.4350",7303.72964226826,6827.73206767874,7779.72721685777,6575.75417252787,8031.70511200865
"2020.4378",7443.51791597963,6863.98240736934,8023.05342458992,6557.19484075045,8329.84099120882
