"","Point.Forecast","Lo.80","Hi.80","Lo.95","Hi.95"
"2020.3639",2739.39385005582,2700.42038078125,2778.36731933038,2679.78907239065,2798.99862772098
"2020.3666",2898.78770011163,2831.24283970034,2966.33256052293,2795.48675046107,3002.08864976219
"2020.3694",3058.18155016745,2959.92383234507,3156.43926798982,2907.90933848854,3208.45376184635
"2020.3721",3217.57540022326,3085.96919722378,3349.18160322274,3016.30108168935,3418.84971875717
"2020.3748",3376.96925027908,3209.38763623259,3544.55086432556,3120.6752884652,3633.26321209295
"2020.3776",3536.36310033489,3330.2824323024,3742.44376836738,3221.18991642794,3851.53628424185
"2020.3803",3695.75695039071,3448.77198261246,3942.74191816896,3318.02603843755,4073.48786234386
