"","Point.Forecast","Lo.80","Hi.80","Lo.95","Hi.95"
"2020.5008",14043.6006993281,13944.4864533772,14142.714945279,13892.0185409184,14195.1828577379
"2020.5035",14329.5659482458,14150.2679264935,14508.8639699981,14055.3532871388,14603.7786093528
"2020.5063",14601.9045767648,14344.9143571672,14858.8947963624,14208.8719526142,14994.9372009154
"2020.5090",14869.8880317908,14535.5788545972,15204.1972089844,14358.6062662988,15381.1697972828
"2020.5118",15136.4795396135,14723.8108898441,15549.1481893829,14505.3573024423,15767.6017767847
"2020.5145",15402.6261703217,14909.72806701,15895.5242736334,14648.8035723769,16156.4487682665
"2020.5172",15668.6306148561,15093.1746521898,16244.0865775224,14788.5466667432,16548.714562969
