"","Point.Forecast","Lo.80","Hi.80","Lo.95","Hi.95"
"2020.3775",2090.48146841128,2057.09832282684,2123.86461399572,2039.42635303763,2141.53658378493
"2020.3803",2184.96293682256,2127.81093703828,2242.11493660685,2097.55649588545,2272.36937775968
"2020.3830",2279.44440523385,2197.01842748431,2361.87038298339,2153.38475057536,2405.50405989233
"2020.3857",2373.92587364513,2264.21808726576,2483.6336600245,2206.14229325068,2541.70945403957
"2020.3885",2468.40734205641,2329.37528593445,2607.43939817837,2255.77616121135,2681.03852290147
"2020.3912",2562.88881046769,2392.55186110862,2733.22575982677,2302.3809269333,2823.39669400209
"2020.3940",2657.37027887897,2453.83064821235,2860.9099095456,2346.08327626535,2968.6572814926
