"","Point.Forecast","Lo.80","Hi.80","Lo.95","Hi.95"
"2020.4022",7478.62324985361,7402.70790318269,7554.53859652453,7362.5207461782,7594.72575352903
"2020.4050",7899.24649970722,7767.17522987399,8031.31776954045,7697.26092282909,8101.23207658536
"2020.4077",8319.86974956084,8127.23741730325,8512.50208181843,8025.26402035447,8614.4754787672
"2020.4105",8740.49299941445,8481.9886488273,8998.9973500016,8345.14471174533,9135.84128708357
"2020.4132",9161.11624926806,8831.47576949467,9490.75672904145,8656.97464032094,9665.25785821518
"2020.4159",9581.73949912167,9175.91881286399,9987.56018537935,8961.09031836992,10202.3886798734
"2020.4187",10002.3627489753,9515.56153307073,10489.1639648798,9257.86453567258,10746.860962278
