"","Point.Forecast","Lo.80","Hi.80","Lo.95","Hi.95"
"2020.3858",4633.44735208849,4580.65386072371,4686.24084345327,4552.7066745574,4714.18802961958
"2020.3885",4829.89470417698,4736.81321270332,4922.97619565063,4687.53884755711,4972.25056079685
"2020.3913",5026.34205626547,4889.33689696405,5163.34721556689,4816.81074660424,5235.87336592669
"2020.3940",5222.78940835396,5037.73460216671,5407.84421454121,4939.77250521521,5505.80631149271
"2020.3968",5419.23676044245,5182.11201139647,5656.36150948842,5056.58575172107,5781.88776916383
"2020.3995",5615.68411253094,5322.66809022442,5908.70013483745,5167.55477770397,6063.8134473579
"2020.4022",5812.13146461943,5459.60431793506,6164.6586113038,5272.98771913899,6351.27521009986
