"","Point.Forecast","Lo.80","Hi.80","Lo.95","Hi.95"
"2020.3885",5162.86271662033,5097.08441350156,5228.64101973909,5062.26348320427,5263.46195003639
"2020.3913",5461.66149897278,5360.93161368214,5562.39138426342,5307.6084334197,5615.71456452587
"2020.3940",5760.46028132524,5617.85355146169,5903.06701118879,5542.3621087661,5978.55845388438
"2020.3968",6059.2590636777,5869.22366895726,6249.29445839813,5768.62500769913,6349.89311965626
"2020.3995",6358.05784603015,6115.79149968085,6600.32419237945,5987.54344280444,6728.57224925586
"2020.4022",6656.85662838261,6358.0399109231,6955.67334584211,6199.85589587581,7113.8573608894
"2020.4050",6955.65541073507,6596.3158044066,7314.99501706353,6406.092907315,7505.21791415514
