"","Point.Forecast","Lo.80","Hi.80","Lo.95","Hi.95"
"2020.4350",8357.03407345438,8277.01224503134,8437.05590187742,8234.65124789905,8479.4168990097
"2020.4378",8731.06814690876,8580.65055935102,8881.48573446649,8501.02429835766,8961.11199545985
"2020.4405",9105.10222036314,8874.56218109936,9335.64225962692,8752.52165622529,9457.68278450099
"2020.4433",9479.13629381752,9159.04863858614,9799.22394904889,8989.60446925706,9968.66811837797
"2020.4460",9853.17036727189,9434.80392566098,10271.5368088828,9213.33410945489,10493.0066250889
"2020.4487",10227.2044407263,9702.46196689371,10751.9469145588,9424.68008078511,11029.7288006674
"2020.4515",10601.2385141807,9962.559019441,11239.9180089203,9624.46251779535,11578.0145105659
