"","Point.Forecast","Lo.80","Hi.80","Lo.95","Hi.95"
"2020.5035",29512.6317285852,29076.7782665741,29948.4851905962,28846.0513809456,30179.2120762247
"2020.5063",29872.2634571703,29173.0997611583,30571.4271531823,28802.9848574449,30941.5420568957
"2020.5090",30231.8951857555,29272.129067295,31191.6613042159,28764.0595743457,31699.7307971652
"2020.5117",30591.5269143406,29362.0970761473,31820.9567525339,28711.2762329303,32471.777595751
"2020.5145",30951.1586429258,29439.7235135771,32462.5937722745,28639.618086824,33262.6991990275
"2020.5172",31310.7903715109,29503.9886741919,33117.59206883,28547.5256312066,34074.0551118152
"2020.5200",31670.4221000961,29554.6828679648,33786.1613322273,28434.6781728562,34906.1660273359
