"","Point.Forecast","Lo.80","Hi.80","Lo.95","Hi.95"
"2020.3940",4282.61849099144,4225.25182058207,4339.98516140081,4194.88373966479,4370.35324231809
"2020.3967",4627.44702683583,4522.71148801714,4732.18256565452,4467.26784286456,4787.62621080709
"2020.3994",5062.68697953201,4909.36700016279,5216.00695890123,4828.20430575337,5297.16965331064
"2020.4022",5497.92693222819,5272.01691318244,5723.83695127393,5152.42737295899,5843.42649149738
"2020.4049",5933.16688492436,5617.92923936606,6248.40453048267,5451.05251007054,6415.28125977819
"2020.4077",6368.40683762054,5950.85971012407,6785.95396511701,5729.82361261121,7006.99006262988
"2020.4104",6803.64679031672,6272.82845377721,7334.46512685623,5991.83020023766,7615.46338039579
