"","Point.Forecast","Lo.80","Hi.80","Lo.95","Hi.95"
"2020.5391",32718.7557806256,32303.8059067021,33133.7056545491,32084.1447121791,33353.366849072
"2020.5419",33029.5115612511,32360.1276783759,33698.8954441264,32005.7772554766,34053.2458670257
"2020.5446",33340.2673418767,32417.2245501694,34263.310133584,31928.5952121121,34751.9394716414
"2020.5474",33651.0231225023,32464.2978481239,34837.7483968807,31836.0834354389,35465.9628095657
"2020.5501",33961.7789031279,32498.4487051885,35425.1091010672,31723.8084908861,36199.7493153696
"2020.5528",34272.5346837534,32518.8536949897,36026.2156725171,31590.5110564881,36954.5583110187
"2020.5556",34583.290464379,32525.4187618014,36641.1621669566,31436.0472864253,37730.5336423327
