"","Point.Forecast","Lo.80","Hi.80","Lo.95","Hi.95"
"2020.5200",15374.1584770442,15267.5801346487,15480.7368194398,15211.1609682093,15537.1559858791
"2020.5227",15581.3169540884,15404.800589194,15757.8333189828,15311.3584700316,15851.2754381452
"2020.5255",15788.4754311326,15540.0260693877,16036.9247928775,15408.5049218734,16168.4459403919
"2020.5282",15995.6339081768,15670.9864821533,16320.2813342004,15499.1285159733,16492.1393003804
"2020.5309",16202.792385221,15797.2132215298,16608.3715489123,15582.5125813593,16823.0721890828
"2020.5337",16409.9508622653,15918.6745254955,16901.227199035,15658.6085422109,17161.2931823196
"2020.5364",16617.1093393095,16035.4739486219,17198.744729997,15727.5747715786,17506.6439070403
