"","Point.Forecast","Lo.80","Hi.80","Lo.95","Hi.95"
"2020.3967",4582.95703741904,4520.1249644529,4645.78911038517,4486.86367418766,4679.05040065042
"2020.3994",4932.80224983923,4822.78038181368,5042.82411786478,4764.53832301842,5101.06617666005
"2020.4022",5323.77904744189,5147.53424126855,5500.02385361523,5054.23587660959,5593.32221827419
"2020.4049",5691.61584956982,5444.04279409299,5939.18890504665,5312.98553509557,6070.24616404408
"2020.4077",6072.47085627691,5743.68906786533,6401.25264468849,5569.64250244043,6575.29921011339
"2020.4104",6446.00202186009,6029.75034687837,6862.25369684182,5809.4000205025,7082.60402321769
"2020.4131",6823.65346750817,6312.76745852658,7334.53947648976,6042.32074182592,7604.98619319042
