"","Point.Forecast","Lo.80","Hi.80","Lo.95","Hi.95"
"2020.4050",8011.35364791671,7941.91063481332,8080.79666102009,7905.14972423553,8117.55757159788
"2020.4077",8444.47710976516,8324.2053363123,8564.74888321801,8260.53730534208,8628.41691418823
"2020.4105",8934.86271753379,8761.25505131521,9108.47038375238,8669.35270422123,9200.37273084635
"2020.4132",9362.78507621716,9112.25198314956,9613.31816928476,8979.62777490386,9745.94237753046
"2020.4159",9820.2142518949,9495.37729420326,10145.0512095865,9323.41899601878,10317.009507771
"2020.4187",10286.8160277702,9879.51558638842,10694.116469152,9663.90375684935,10909.7282986911
"2020.4214",10724.340533843,10224.3104352949,11224.370632391,9959.61049044146,11489.0705772445
