"","Point.Forecast","Lo.80","Hi.80","Lo.95","Hi.95"
"2020.4077",8506.295195218,8436.99498828012,8575.59540215589,8400.30967471988,8612.28071571613
"2020.4105",9012.84982133821,8892.19897998006,9133.50066269635,8828.33028258213,9197.36936009428
"2020.4132",9477.07305298889,9302.96179850625,9651.18430747154,9210.79286788838,9743.35323808941
"2020.4159",9949.54444549988,9698.69549811826,10200.3933928815,9565.90408669868,10333.1848043011
"2020.4187",10440.4643948932,10114.7157821368,10766.2130076495,9942.27488291278,10938.6539068735
"2020.4214",10906.840627778,10498.6254290155,11315.0558265405,10282.52935617,11531.151899386
"2020.4242",11387.0589795493,10885.9995847315,11888.1183743671,10620.7547633463,12153.3631957523
