"","Point.Forecast","Lo.80","Hi.80","Lo.95","Hi.95"
"2020.5583",34950.9277115889,34544.353792178,35357.5016309998,34329.1265601385,35572.7288630393
"2020.5611",35241.8554231778,34586.8125918581,35896.8982544975,34240.0538630726,36243.656983283
"2020.5638",35532.7831347667,34630.4290710804,36435.1371984529,34152.7516840799,36912.8145854535
"2020.5665",35823.7108463556,34664.5326169169,36982.8890757943,34050.9007289591,37596.5209637521
"2020.5693",36114.6385579445,34686.2332847743,37543.0438311147,33930.0812088604,38299.1959070286
"2020.5720",36405.5662695334,34694.6916960492,38116.4408430176,33789.0094049882,39022.1231340786
"2020.5748",36696.4939811223,34689.792385861,38703.1955763836,33627.5087290463,39765.4792331982
