"","Point.Forecast","Lo.80","Hi.80","Lo.95","Hi.95"
"2020.5227",31002.2822483466,30578.4845655291,31426.0799311642,30354.1396239014,31650.4248727918
"2020.5254",31241.5644966932,30557.4382392509,31925.6907541355,30195.2836746685,32287.845318718
"2020.5282",31480.8467450399,30536.9581858691,32424.7353042106,30037.2937650957,32924.3997249841
"2020.5309",31720.1289933865,30506.066418538,32934.191568235,29863.3805131411,33576.8774736319
"2020.5337",31959.4112417331,30461.8303463164,33456.9921371498,29669.0589079941,34249.7635754721
"2020.5364",32198.6934900797,30403.4274229484,33993.9595572111,29453.0709737129,34944.3160064465
"2020.5391",32437.9757384264,30330.774773229,34545.1767036237,29215.2899636095,35660.6615132432
