"","Point.Forecast","Lo.80","Hi.80","Lo.95","Hi.95"
"2020.4214",12426.192536705,12321.2881059114,12531.0969674986,12265.7550547479,12586.6300186621
"2020.4242",12991.0634245644,12812.2885694635,13169.8382796654,12717.650877805,13264.4759713239
"2020.4269",13676.9373417424,13400.5195145283,13953.3551689565,13254.1927557341,14099.6819277507
"2020.4296",14511.1159283141,14096.7752457972,14925.456610831,13877.4365377249,15144.7953189032
"2020.4324",15131.0768636436,14581.9430995695,15680.2106277178,14291.2492443602,15970.9044829271
"2020.4351",15800.1831415548,15107.1429584011,16493.2233247085,14740.2696465851,16860.0966365244
"2020.4379",16603.1795211355,15740.3665522526,17465.9924900185,15283.6209564467,17922.7380858244
