"","Point.Forecast","Lo.80","Hi.80","Lo.95","Hi.95"
"2020.4131",6338.65697428394,6268.3683973654,6408.94555120249,6231.15987234222,6446.15407622567
"2020.4159",6605.31394856789,6477.92309043193,6732.70480670384,6410.48644367539,6800.14145346038
"2020.4186",6871.97092285183,6681.05331576299,7062.88852994068,6579.98763948727,7163.95420621639
"2020.4213",7138.62789713578,6877.49673747196,7399.75905679959,6739.26225166153,7537.99354261002
"2020.4241",7405.28487141972,7067.59570530461,7742.97403753482,6888.8338589521,7921.73588388734
"2020.4268",7671.94184570366,7251.74106463423,8092.14262677309,7029.30020777496,8314.58348363237
"2020.4296",7938.59881998761,7430.28853515236,8446.90910482285,7161.20532445159,8715.99231552362
