"","Point.Forecast","Lo.80","Hi.80","Lo.95","Hi.95"
"2020.3831",4581.55113091927,4533.14606136047,4629.95620047807,4507.52196537095,4655.58029646758
"2020.3858",4844.10226183854,4757.31980743263,4930.88471624444,4711.3799510876,4976.82457258947
"2020.3885",5106.6533927578,4977.50003702247,5235.80674849314,4909.1303803957,5304.17640511991
"2020.3913",5369.20452367707,5193.39953549277,5545.00951186137,5100.33399641328,5638.07505094086
"2020.3940",5631.75565459634,5405.19933376728,5858.3119754254,5285.26766204634,5978.24364714634
"2020.3968",5894.30678551561,5613.13447961478,6175.47909141644,5464.29085183641,6324.32271919481
"2020.3995",6156.85791643488,5817.42625974831,6496.28957312144,5637.74199460639,6675.97383826336
