"","Point.Forecast","Lo.80","Hi.80","Lo.95","Hi.95"
"2020.4460",9403.33517719019,9319.3493305453,9487.32102383509,9274.88990892263,9531.78044545776
"2020.4487",9728.08916648841,9583.82334804921,9872.35498492761,9507.45363691387,9948.72469606296
"2020.4515",10052.8431557866,9831.46764581665,10274.2186657566,9714.27852969921,10391.407781874
"2020.4542",10377.5971450848,10066.5336164486,10688.6606737211,9901.86653117706,10853.3277589926
"2020.4570",10702.3511343831,10291.0164045743,11113.6858641918,10073.2689517453,11331.4333170208
"2020.4597",11027.1051236813,10506.1082273475,11548.102020015,10230.3091301956,11823.901117167
"2020.4624",11351.8591129795,10712.6342204317,11991.0840055273,10374.2490026265,12329.4692233325
