"","Point.Forecast","Lo.80","Hi.80","Lo.95","Hi.95"
"2020.4405",8726.2990899267,8641.77540523,8810.8227746234,8597.031269341,8855.5669105124
"2020.4433",9002.05410210117,8857.27676181468,9146.83144238767,8780.63626737016,9223.47193683219
"2020.4460",9277.80911427565,9054.78726172621,9500.83096682509,8936.72662449182,9618.89160405948
"2020.4487",9553.56412645012,9239.06817843353,9868.06007446672,9072.58408009955,10034.5441728007
"2020.4515",9829.3191386246,9412.3107637028,10246.3275135464,9191.55986457543,10467.0784126738
"2020.4542",10105.0741507991,9575.7989485607,10634.3493530375,9295.6175809758,10914.5307206223
"2020.4570",10380.8291629736,9730.40998363672,11031.2483423104,9386.09886836183,11375.5594575853
