"","Point.Forecast","Lo.80","Hi.80","Lo.95","Hi.95"
"2020.4624",10600.7585632289,10512.0580504223,10689.4590760355,10465.1028352932,10736.4142911646
"2020.4652",10862.5171264578,10703.9893024508,11021.0449504647,10620.0697416199,11104.9645112956
"2020.4679",11124.2756896867,10888.8300965633,11359.72128281,10764.1927283394,11484.3586510339
"2020.4707",11386.0342529155,11065.9979936149,11706.0705122162,10896.581031648,11875.4874741831
"2020.4734",11647.7928161444,11235.7957674817,12059.7898648071,11017.6977042302,12277.8879280587
"2020.4761",11909.5513793733,11398.6360565217,12420.4667022249,11128.1738219957,12690.928936751
"2020.4789",12171.3099426022,11554.9118069748,12787.7080782296,11228.6103443586,13114.0095408458
