"","Point.Forecast","Lo.80","Hi.80","Lo.95","Hi.95"
"2020.5364",32118.9070999212,31703.5874662026,32534.2267336398,31483.7305326678,32754.0836671746
"2020.5391",32352.8141998425,31682.7888311093,33022.8395685757,31328.0988261094,33377.5295735755
"2020.5419",32586.7212997637,31662.7443792276,33510.6982202998,31173.6205432386,33999.8220562888
"2020.5446",32820.6283996849,31632.6506966677,34008.6061027021,31003.77328831,34637.4835110599
"2020.5474",33054.5354996061,31589.6090256166,34519.4619735957,30814.1237938168,35294.9472053954
"2020.5501",33288.4425995274,31532.7969736753,35044.0882253794,30603.4143191218,35973.4708799329
"2020.5528",33522.3496994486,31462.1216657344,35582.5777331628,30371.5028240023,36673.1965748949
