"","Point.Forecast","Lo.80","Hi.80","Lo.95","Hi.95"
"2020.4242",12966.3768733704,12862.0488755839,13070.704871157,12806.8209696219,13125.9327771189
"2020.4269",13643.6404858362,13465.4676194752,13821.8133521971,13371.148601406,13916.1323702664
"2020.4296",14458.4939494354,14182.2551233632,14734.7327755075,14036.0231220496,14880.9647768211
"2020.4324",15071.9097697877,14658.0899975257,15485.7295420497,14439.0270426854,15704.79249689
"2020.4351",15733.3053641412,15184.6377054373,16281.973022845,14894.1905915066,16572.4201367757
"2020.4379",16517.5466889608,15824.5495474489,17210.5438304727,15457.6990205018,17577.3943574198
"2020.4406",17167.5321652623,16304.9692975548,18030.0950329697,15848.3560973139,18486.7082332106
