"","Point.Forecast","Lo.80","Hi.80","Lo.95","Hi.95"
"2020.4296",14731.554739697,14626.6743829803,14836.4350964137,14571.1540758633,14891.9554035307
"2020.4324",15497.9308707363,15330.8716727805,15664.9900686921,15242.4358753864,15753.4258660862
"2020.4351",16305.3434748214,16065.6752764386,16545.0116732042,15938.8025960155,16671.8843536274
"2020.4379",17092.5302610151,16757.2900926269,17427.7704294033,16579.8246673601,17605.2358546701
"2020.4406",17877.8979129572,17444.7950460754,18311.0007798391,17215.5242375533,18540.2715883612
"2020.4433",18673.122949916,18133.0650484313,19213.1808514007,17847.1756646607,19499.0702351714
"2020.4461",19461.6169427263,18804.6879507072,20118.5459347455,18456.9307487606,20466.303136692
