"","Point.Forecast","Lo.80","Hi.80","Lo.95","Hi.95"
"2020.4542",9818.46842284234,9732.17352714223,9904.76331854246,9686.49176878552,9950.44507689917
"2020.4570",9959.15115922271,9805.20400840143,10113.098310044,9723.70930948016,10194.5930089653
"2020.4597",10118.5376323388,9872.24367561185,10364.8315890658,9741.86353059122,10495.2117340864
"2020.4624",10268.1484157179,9920.96354822447,10615.3332832113,9737.17498120359,10799.1218502322
"2020.4652",10422.8685583221,9961.67566223499,10884.0614544091,9717.53489047838,11128.2022261657
"2020.4679",10574.9182446829,9990.4086356505,11159.4278537153,9680.98793932352,11468.8485500422
"2020.4707",10728.3636709464,10010.7136468277,11446.0136950651,9630.81267214663,11825.9146697462
