"","Point.Forecast","Lo.80","Hi.80","Lo.95","Hi.95"
"2020.4652",10958.4733356676,10869.8575750941,11047.0890962411,10822.947225087,11093.9994462482
"2020.4679",11252.9466713352,11093.3402590947,11412.5530835756,11008.8497281427,11497.0436145276
"2020.4707",11547.4200070027,11309.177931739,11785.6620822665,11183.0601952923,11911.7798187132
"2020.4734",11841.8933426703,11516.9273185657,12166.859366775,11344.9006967493,12338.8859885914
"2020.4761",12136.3666783379,11716.9623113784,12555.7710452974,11494.9430506822,12777.7903059935
"2020.4789",12430.8400140055,11909.7397069243,12951.9403210867,11633.8858674293,13227.7941605816
"2020.4816",12725.3133496731,12095.6830113983,13354.9436879478,11762.3768438229,13688.2498555232
