"","Point.Forecast","Lo.80","Hi.80","Lo.95","Hi.95"
"2020.4323",7777.37768214666,7702.50627310443,7852.24909118889,7662.87174329887,7891.88362099444
"2020.4350",8029.75536429331,7888.90220202675,8170.60852655988,7814.33904194368,8245.17168664295
"2020.4378",8282.13304643997,8066.14578972704,8498.1203031529,7951.80904258528,8612.45705029467
"2020.4405",8534.51072858663,8234.53204285306,8834.4894143202,8075.73291895741,8993.28853821585
"2020.4433",8786.88841073329,8394.71676133282,9179.06006013376,8187.11363049965,9386.66319096693
"2020.4460",9039.26609287995,8547.2970837581,9531.23510200179,8286.86442187975,9791.66776388014
"2020.4487",9291.6437750266,8692.77754563996,9890.51000441325,8375.75691357492,10207.5306364783
