"","Point.Forecast","Lo.80","Hi.80","Lo.95","Hi.95"
"2020.4433",9029.82452451582,8945.77197277148,9113.87707626016,8901.27723960217,9158.37180942947
"2020.4460",9317.84647758454,9173.88957431645,9461.80338085262,9097.6833929946,9538.00956217447
"2020.4487",9605.86843065325,9384.49149363294,9827.24536767356,9267.30162208069,9944.43523922581
"2020.4515",9893.89038372196,9582.14949714086,10205.6312703031,9417.12384023302,10370.6569272109
"2020.4542",10181.9123367907,9768.98067109051,10594.8440024908,9550.38785146532,10813.436822116
"2020.4570",10469.9342898594,9946.23269263739,10993.6358870814,9669.00181332261,11270.8667663962
"2020.4597",10757.9562429281,10114.7612011834,11401.1512846728,9774.27431334557,11741.6381725106
