"","Point.Forecast","Lo.80","Hi.80","Lo.95","Hi.95"
"2020.3994",4865.66647259327,4805.58764058544,4925.74530460109,4773.78382804394,4957.54911714259
"2020.4022",5217.11921485856,5118.70461611489,5315.53381360222,5066.60707451516,5367.63135520195
"2020.4049",5562.70924364675,5409.71008995722,5715.70839733628,5328.71723040368,5796.70125688981
"2020.4077",5905.69808348515,5680.08580183458,6131.31036513572,5560.65387426747,6250.74229270283
"2020.4104",6247.53281883271,5933.34134931464,6561.72428835077,5767.01843216155,6728.04720550386
"2020.4131",6588.85549711654,6172.37228931339,7005.3387049197,5951.89939686551,7225.81159736758
"2020.4159",6929.95098415506,6399.23540879313,7460.666559517,6118.29155373502,7741.61041457511
