"","Point.Forecast","Lo.80","Hi.80","Lo.95","Hi.95"
"2020.5035",14336.3376721462,14237.6996746978,14434.9756695946,14185.4838729674,14487.191471325
"2020.5063",14610.2688639606,14431.6771579147,14788.8605700064,14337.1364195094,14883.4013084117
"2020.5090",14879.5530370116,14623.4823936162,15135.6236804069,14487.9267832996,15271.1792907235
"2020.5118",15147.3382468953,14814.1892533409,15480.4872404497,14637.8308291622,15656.8456646284
"2020.5145",15414.6399445121,15003.4108004622,15825.8690885621,14785.7192413576,16043.5606476667
"2020.5172",15681.7856782484,15190.6452218346,16172.9261346623,14930.6511692655,16432.9201872314
"2020.5200",15948.8811035776,15375.5367565287,16522.2254506264,15072.0265928675,16825.7356142876
