"","Point.Forecast","Lo.80","Hi.80","Lo.95","Hi.95"
"2020.4871",12938.8872515658,12848.7480743247,13029.0264288068,12801.0312762477,13076.7432268838
"2020.4898",13233.7745031315,13071.5233421878,13396.0256640753,12985.6327658427,13481.9162404204
"2020.4926",13528.6617546973,13286.567287092,13770.7562223027,13158.4102173265,13898.9132920681
"2020.4953",13823.5490062631,13493.4178585207,14153.6801540055,13318.6569854141,14328.4410271121
"2020.4981",14118.4362578289,13692.4496418362,14544.4228738215,13466.9459489806,14769.9265666771
"2020.5008",14413.3235093946,13884.1237120459,14942.5233067433,13603.9822613984,15222.6647573908
"2020.5035",14708.2107609604,14068.8683741125,15347.5531478083,13730.4209585818,15686.000563339
