"","pearson","spearman","kendall"
"1",0.951815215605786,0.971008312455224,0.930949336251263
