"","pearson","spearman","kendall"
"1",0.985867104010776,0.991031208965115,0.975900072948533
