"","pearson","spearman","kendall"
"1",0.917116466211752,0.971008312455224,0.930949336251263
