"","pearson","spearman","kendall"
"1",0.828273826934291,0.828078671210825,0.730296743340221
