"","pearson","spearman","kendall"
"1",0.833489606852878,0.845154254728517,0.774596669241483
