"","pearson","spearman","kendall"
"1",0.957725725176899,0.971008312455224,0.930949336251263
