"","pearson","spearman","kendall"
"1",0.846775323502239,0.845154254728517,0.774596669241483
