"","pearson","spearman","kendall"
"1",0.880577398806174,0.991031208965115,0.975900072948533
