"","pearson","spearman","kendall"
"1",0.878934035338469,0.87831006565368,0.774596669241483
