"","pearson","spearman","kendall"
"1",0.950099640350239,0.971008312455224,0.930949336251263
