"","pearson","spearman","kendall"
"1",0.618719540472363,0.654653670707977,0.577350269189626
