"","pearson","spearman","kendall"
"1",0.918670802821143,0.925820099772552,0.856348838577675
