"","pearson","spearman","kendall"
"1",0.982708248376597,0.985610760609162,0.966091783079296
