"","Point.Forecast","Lo.80","Hi.80","Lo.95","Hi.95"
"2020.2654",418.430069883372,406.013680933136,430.846458833609,399.44084165816,437.419298108585
"2020.2682",476.860139766745,454.345879868488,499.374399665002,442.427550610329,511.29272892316
"2020.2709",535.290209650117,501.538297500621,569.042121799614,483.671114483813,586.909304816422
"2020.2737",593.72027953349,547.545808657843,639.894750409137,523.102520283979,664.338038783
"2020.2764",652.150349416862,592.429511507457,711.871187326267,560.815209594184,743.48548923954
"2020.2791",710.580419300235,636.258835929367,784.902002671102,596.915366252611,824.245472347858
