"","pearson","spearman","kendall"
"1",0.998292024415326,0.997641595291609,0.977230228444505
