"","pearson","spearman","kendall"
"1",0.999272380394574,0.999275792749141,0.991346265655862
