"","pearson","spearman","kendall"
"1",0.999181585792945,0.998707757342004,0.982727632893123
