"","pearson","spearman","kendall"
"1",0.998556540301402,0.99024696365429,0.943063033099596
