"","pearson","spearman","kendall"
"1",0.999715478437277,0.999483112983757,0.991036304713554
