"","pearson","spearman","kendall"
"1",0.998081043411829,0.99384251143869,0.972770009944829
