"","pearson","spearman","kendall"
"1",0.998413106169414,0.995914890643081,0.966569814451303
