"","pearson","spearman","kendall"
"1",0.998066532550895,0.999212922297113,0.991567678870651
