"","pearson","spearman","kendall"
"1",0.992645057427414,0.994070506751507,0.959259468590613
