"","pearson","spearman","kendall"
"1",0.998898162939219,0.988807960230756,0.952031873386409
