"","pearson","spearman","kendall"
"1",0.998579054165724,0.99982585247221,0.997588907447593
