"","pearson","spearman","kendall"
"1",0.999010379286607,0.99910093658638,0.986317695323244
