"","pearson","spearman","kendall"
"1",0.999713410320864,0.993265899061905,0.962242846152336
