"","pearson","spearman","kendall"
"1",0.999111709794383,0.999472990777338,0.993939393939394
