"","pearson","spearman","kendall"
"1",0.998952648367731,0.996967640758585,0.973633106754152
