"","pearson","spearman","kendall"
"1",0.999729133379159,0.999429102684402,0.989998401236198
