"","pearson","spearman","kendall"
"1",0.998693187370516,0.99563425432633,0.976485668453359
