"","pearson","spearman","kendall"
"1",0.996925757584716,0.995868983609603,0.967698152040817
