"","pearson","spearman","kendall"
"1",0.998515104642825,0.995255998886123,0.966569814451303
