"","pearson","spearman","kendall"
"1",0.991966687070141,0.996459170068885,0.969698203005654
