"","pearson","spearman","kendall"
"1",0.9991538364634,0.995452729141783,0.970135722551995
