"","pearson","spearman","kendall"
"1",0.999105463731649,0.999868247694334,0.997979797979798
