"","pearson","spearman","kendall"
"1",0.998219099786309,0.997336488086347,0.977746001549083
