"","pearson","spearman","kendall"
"1",0.999008347662241,0.983346584712966,0.924965312313254
