"","pearson","spearman","kendall"
"1",0.998762118852313,0.997803985785518,0.976584167535131
