"","pearson","spearman","kendall"
"1",0.997508180000858,0.995766979452087,0.972869192862447
