"","pearson","spearman","kendall"
"1",0.999462011338011,0.999291745384981,0.989984226008066
