"","pearson","spearman","kendall"
"1",0.997911993136,0.981590009440359,0.920490501738002
