"","pearson","spearman","kendall"
"1",0.998296149740479,0.994235271844433,0.949925221142265
