"","pearson","spearman","kendall"
"1",0.998851083658876,0.996605833406591,0.973914783601498
