"","pearson","spearman","kendall"
"1",0.99889584225679,0.995149371581465,0.966451357570068
