"","pearson","spearman","kendall"
"1",0.998889410384278,0.998607313831526,0.983648085513811
