"","pearson","spearman","kendall"
"1",0.999167860388313,0.997690370915376,0.979685666572335
