"","pearson","spearman","kendall"
"1",0.998982073598216,0.999537264294818,0.993711026190411
