"","pearson","spearman","kendall"
"1",0.999517086413403,0.997219890652678,0.977732219580724
