"","pearson","spearman","kendall"
"1",0.996748750693511,0.997830609416082,0.976292001927799
