"","pearson","spearman","kendall"
"1",0.999052379611798,0.993775408518457,0.969600127847051
