"","pearson","spearman","kendall"
"1",0.99965891122075,0.998101358155454,0.98383947184142
