"","pearson","spearman","kendall"
"1",0.998965152400754,0.99850187282582,0.984838980643608
